-- Adminer 5.1.1 MySQL 8.0.43-0ubuntu0.22.04.1 dump

SET NAMES utf8;
SET time_zone = '+00:00';
SET foreign_key_checks = 0;
SET sql_mode = 'NO_AUTO_VALUE_ON_ZERO';

SET NAMES utf8mb4;

DROP TABLE IF EXISTS `addresses`;
CREATE TABLE `addresses` (
  `id` int NOT NULL AUTO_INCREMENT,
  `user_id` int NOT NULL,
  `name` varchar(100) DEFAULT NULL,
  `mobile` varchar(15) DEFAULT NULL,
  `email` varchar(100) DEFAULT NULL,
  `address` text,
  `city` varchar(100) DEFAULT NULL,
  `state` varchar(100) DEFAULT NULL,
  `pincode` varchar(10) DEFAULT NULL,
  `is_default` tinyint(1) DEFAULT '0',
  `created_at` datetime DEFAULT CURRENT_TIMESTAMP,
  PRIMARY KEY (`id`)
) ENGINE=InnoDB DEFAULT CHARSET=utf8mb4 COLLATE=utf8mb4_0900_ai_ci;

INSERT INTO `addresses` (`id`, `user_id`, `name`, `mobile`, `email`, `address`, `city`, `state`, `pincode`, `is_default`, `created_at`) VALUES
(6,	1,	'ssi',	'08956485620',	'ab@gmail.com',	'S-9,10, 2nd Floor, Ayush Plaza, Jail Rd, opposite Sir T. Hospital, Bhavnagar, Gujarat 364002',	'Ahmedabad',	'gujarat',	'300670',	1,	'2025-07-24 14:58:16'),
(7,	1,	'Sajid',	'968563210',	'ssi@gmail.com',	'Motavas, nearby sagar hotel, main bazar',	'Kakoshi',	'gujarat',	'384290',	0,	'2025-07-24 14:58:51'),
(10,	8,	'jafar',	'08956485620',	'ab@gmail.com',	'S-9,10, 2nd Floor, Ayush Plaza, Jail Rd, opposite Sir T. Hospital, Bhavnagar, Gujarat 364002',	'Ahmedabad',	'gujarat',	'300670',	1,	'2025-08-19 11:58:42'),
(11,	8,	'Sajid',	'06328500910',	'sajidali@gmail.com',	'jgjkhgkjgkjg',	'hgiugigig',	'jggigiugigu',	'123123',	0,	'2025-08-20 11:56:15');

DROP TABLE IF EXISTS `admin`;
CREATE TABLE `admin` (
  `id` int NOT NULL AUTO_INCREMENT,
  `username` varchar(255) NOT NULL,
  `email` text CHARACTER SET utf8mb4 COLLATE utf8mb4_0900_ai_ci NOT NULL,
  `mobile` text CHARACTER SET utf8mb4 COLLATE utf8mb4_0900_ai_ci NOT NULL,
  `password` text NOT NULL,
  `image` text CHARACTER SET utf8mb4 COLLATE utf8mb4_0900_ai_ci NOT NULL,
  PRIMARY KEY (`id`)
) ENGINE=InnoDB DEFAULT CHARSET=utf8mb4 COLLATE=utf8mb4_0900_ai_ci;

INSERT INTO `admin` (`id`, `username`, `email`, `mobile`, `password`, `image`) VALUES
(1,	'sajidhusain',	'sajid5@gmail.com',	'9656856930',	'12345678',	'');

DROP TABLE IF EXISTS `cart`;
CREATE TABLE `cart` (
  `id` int NOT NULL AUTO_INCREMENT,
  `user_id` int NOT NULL,
  `products_id` int NOT NULL,
  `qty` int NOT NULL,
  `price` decimal(10,2) NOT NULL,
  `subtotal` decimal(10,2) NOT NULL DEFAULT '0.00',
  `added_at` timestamp NULL DEFAULT CURRENT_TIMESTAMP,
  PRIMARY KEY (`id`)
) ENGINE=InnoDB DEFAULT CHARSET=utf8mb4 COLLATE=utf8mb4_0900_ai_ci;

INSERT INTO `cart` (`id`, `user_id`, `products_id`, `qty`, `price`, `subtotal`, `added_at`) VALUES
(411,	5,	4,	1,	410.00,	0.00,	'2025-07-11 10:49:42'),
(449,	13,	4,	1,	410.00,	0.00,	'2025-07-15 05:19:31'),
(453,	7,	4,	1,	410.00,	0.00,	'2025-07-15 05:24:17'),
(454,	2,	4,	1,	410.00,	0.00,	'2025-07-15 05:40:01'),
(642,	1,	3,	1,	135.00,	135.00,	'2025-08-21 10:13:20'),
(643,	1,	8,	1,	310.00,	310.00,	'2025-08-21 13:58:05'),
(644,	1,	4,	1,	410.00,	0.00,	'2025-08-22 04:45:31'),
(645,	1,	1,	1,	220.00,	220.00,	'2025-08-22 04:45:32'),
(646,	1,	2,	1,	130.00,	130.00,	'2025-08-22 04:45:33'),
(647,	1,	5,	1,	220.00,	0.00,	'2025-08-22 04:45:35'),
(648,	1,	6,	1,	190.00,	0.00,	'2025-08-22 04:45:35'),
(649,	1,	7,	1,	245.00,	0.00,	'2025-08-22 04:45:36');

DROP TABLE IF EXISTS `coupon_usages`;
CREATE TABLE `coupon_usages` (
  `id` int NOT NULL AUTO_INCREMENT,
  `coupon_code` varchar(50) NOT NULL,
  `user_id` int NOT NULL,
  `used_at` datetime DEFAULT CURRENT_TIMESTAMP,
  PRIMARY KEY (`id`),
  UNIQUE KEY `unique_user_coupon` (`coupon_code`,`user_id`)
) ENGINE=InnoDB DEFAULT CHARSET=utf8mb4 COLLATE=utf8mb4_0900_ai_ci;

INSERT INTO `coupon_usages` (`id`, `coupon_code`, `user_id`, `used_at`) VALUES
(34,	'1450',	1,	'2025-07-14 14:08:19'),
(36,	'1112',	1,	'2025-07-14 14:14:16'),
(37,	'1450',	7,	'2025-07-15 10:51:37'),
(38,	'222',	1,	'2025-07-15 15:12:04'),
(39,	'555',	1,	'2025-07-16 10:41:30'),
(40,	'555',	8,	'2025-07-16 10:43:25'),
(41,	'1450',	8,	'2025-08-19 17:50:59');

DROP TABLE IF EXISTS `coupons`;
CREATE TABLE `coupons` (
  `id` int NOT NULL AUTO_INCREMENT,
  `code` varchar(50) NOT NULL,
  `type` enum('percentage','fixed') NOT NULL,
  `value` decimal(10,2) NOT NULL,
  `active` tinyint(1) DEFAULT '1',
  `expiry_date` date DEFAULT NULL,
  `number_of_users` int DEFAULT NULL,
  `redemption_limit` enum('unlimited','customized') DEFAULT 'unlimited',
  `custom_redemption_limit` int DEFAULT NULL,
  `description` text,
  `terms_conditions` text,
  `customer_filter` enum('all','mobile','registered_date') DEFAULT 'all',
  `max_discount_amount` decimal(10,2) DEFAULT NULL,
  `dis_amount` decimal(10,2) DEFAULT NULL,
  `min_purchase_amount` decimal(10,2) DEFAULT NULL,
  `start_date` date DEFAULT NULL,
  `start_time` time DEFAULT NULL,
  `expiry_time` time DEFAULT NULL,
  `created_at` datetime NOT NULL DEFAULT CURRENT_TIMESTAMP,
  `updated_at` datetime NOT NULL DEFAULT CURRENT_TIMESTAMP ON UPDATE CURRENT_TIMESTAMP,
  PRIMARY KEY (`id`),
  UNIQUE KEY `code` (`code`),
  UNIQUE KEY `code_2` (`code`)
) ENGINE=InnoDB DEFAULT CHARSET=utf8mb4 COLLATE=utf8mb4_0900_ai_ci;

INSERT INTO `coupons` (`id`, `code`, `type`, `value`, `active`, `expiry_date`, `number_of_users`, `redemption_limit`, `custom_redemption_limit`, `description`, `terms_conditions`, `customer_filter`, `max_discount_amount`, `dis_amount`, `min_purchase_amount`, `start_date`, `start_time`, `expiry_time`, `created_at`, `updated_at`) VALUES
(8,	'1450',	'fixed',	0.00,	1,	'2025-08-31',	100,	'unlimited',	NULL,	'<p>test</p>',	'<p>test</p>',	'all',	NULL,	50.00,	150.00,	'2025-07-31',	'11:34:00',	'11:34:00',	'2025-06-13 11:12:34',	'2025-07-31 17:35:40'),
(11,	'222',	'fixed',	0.00,	1,	'2025-08-31',	2,	'unlimited',	NULL,	'<p>demo</p>',	'<p>demo</p>',	'all',	NULL,	20.00,	100.00,	'2025-07-31',	'02:02:00',	'05:05:00',	'2025-06-18 10:51:32',	'2025-07-31 17:35:20'),
(13,	'555',	'percentage',	5.00,	1,	'2025-08-31',	1,	'customized',	1,	'<p><strong>demo</strong></p>',	'<p><strong>demo</strong></p>',	'all',	200.00,	NULL,	50.00,	'2025-07-31',	'02:02:00',	'05:05:00',	'2025-07-16 10:40:43',	'2025-07-31 17:34:48'),
(14,	'1112',	'percentage',	10.00,	1,	'2025-08-31',	5,	'customized',	1,	'<p>h</p>',	'<p>h</p>',	'all',	500.00,	NULL,	130.00,	'2025-07-31',	'03:03:00',	'06:06:00',	'2025-07-16 10:48:53',	'2025-07-31 17:34:25');

DROP TABLE IF EXISTS `order_items`;
CREATE TABLE `order_items` (
  `id` int NOT NULL AUTO_INCREMENT,
  `order_id` int DEFAULT NULL,
  `product_id` int DEFAULT NULL,
  `qty` int DEFAULT NULL,
  `price` decimal(10,2) DEFAULT NULL,
  `return_status` tinyint(1) NOT NULL DEFAULT '0',
  PRIMARY KEY (`id`)
) ENGINE=InnoDB DEFAULT CHARSET=utf8mb4 COLLATE=utf8mb4_0900_ai_ci;

INSERT INTO `order_items` (`id`, `order_id`, `product_id`, `qty`, `price`, `return_status`) VALUES
(146,	72,	1,	2,	220.00,	0),
(147,	72,	2,	2,	130.00,	0),
(148,	72,	3,	2,	135.00,	0),
(149,	72,	4,	1,	410.00,	0),
(154,	75,	4,	1,	410.00,	0),
(155,	75,	3,	3,	135.00,	0),
(156,	75,	7,	1,	245.00,	0),
(157,	75,	8,	1,	130.00,	0),
(158,	75,	1,	1,	220.00,	0),
(159,	76,	2,	1,	130.00,	0),
(160,	76,	3,	1,	135.00,	0),
(161,	76,	7,	1,	245.00,	0),
(162,	76,	6,	1,	190.00,	0),
(163,	76,	5,	5,	220.00,	0),
(164,	76,	1,	1,	220.00,	0),
(165,	76,	4,	1,	410.00,	0),
(172,	80,	2,	1,	130.00,	0),
(173,	80,	7,	1,	245.00,	0),
(174,	80,	8,	1,	130.00,	0),
(176,	82,	4,	1,	410.00,	0),
(177,	82,	1,	1,	220.00,	0),
(178,	82,	2,	1,	130.00,	0),
(179,	82,	3,	1,	135.00,	0),
(180,	82,	8,	1,	310.00,	0),
(181,	82,	7,	1,	245.00,	0),
(182,	82,	6,	1,	190.00,	0),
(183,	82,	5,	1,	220.00,	0),
(184,	83,	1,	1,	220.00,	0),
(185,	83,	2,	1,	130.00,	0),
(186,	83,	3,	1,	135.00,	0),
(187,	83,	5,	1,	220.00,	0),
(188,	83,	6,	1,	190.00,	0),
(189,	83,	7,	1,	245.00,	0),
(190,	83,	8,	1,	310.00,	0),
(191,	83,	4,	1,	410.00,	0),
(192,	84,	3,	1,	135.00,	0),
(193,	84,	4,	2,	410.00,	0),
(194,	84,	2,	2,	130.00,	0),
(195,	84,	1,	2,	220.00,	0),
(196,	84,	5,	2,	220.00,	0),
(197,	84,	6,	2,	190.00,	0),
(198,	84,	7,	2,	245.00,	0),
(199,	84,	8,	2,	310.00,	0),
(200,	85,	1,	1,	220.00,	0),
(201,	86,	1,	1,	220.00,	0),
(202,	86,	2,	1,	130.00,	0),
(203,	86,	3,	1,	135.00,	0),
(204,	87,	1,	14,	220.00,	0),
(205,	88,	1,	12,	220.00,	0),
(206,	88,	2,	1,	130.00,	0),
(207,	89,	7,	10,	245.00,	0),
(208,	90,	7,	99,	245.00,	0),
(209,	90,	1,	99,	220.00,	0),
(210,	90,	2,	99,	130.00,	0),
(211,	90,	3,	99,	135.00,	0),
(212,	90,	4,	99,	410.00,	0),
(213,	90,	5,	99,	220.00,	0),
(214,	90,	6,	99,	190.00,	0),
(215,	90,	8,	99,	310.00,	0),
(216,	91,	1,	1,	220.00,	0),
(217,	92,	4,	1,	410.00,	0),
(218,	93,	3,	1,	135.00,	0),
(219,	93,	4,	1,	410.00,	0),
(220,	94,	4,	1,	410.00,	0),
(221,	94,	2,	1,	130.00,	0),
(222,	95,	2,	2,	130.00,	0),
(223,	98,	2,	1,	130.00,	0),
(224,	98,	3,	1,	135.00,	0),
(225,	99,	2,	1,	130.00,	0),
(226,	99,	3,	1,	135.00,	0),
(227,	100,	2,	3,	130.00,	0),
(228,	101,	3,	1,	135.00,	0),
(229,	101,	4,	1,	410.00,	0),
(230,	102,	4,	1,	410.00,	0),
(231,	103,	4,	1,	410.00,	0),
(232,	104,	4,	1,	410.00,	0),
(233,	105,	4,	2,	410.00,	0),
(234,	106,	2,	1,	130.00,	0),
(235,	106,	8,	1,	310.00,	0),
(236,	107,	3,	1,	135.00,	0),
(237,	107,	2,	1,	130.00,	0),
(238,	108,	2,	99,	130.00,	0),
(239,	108,	4,	1,	410.00,	0),
(240,	109,	3,	1,	135.00,	0),
(241,	110,	4,	1,	410.00,	0),
(242,	111,	2,	3,	130.00,	0),
(243,	111,	3,	1,	135.00,	0),
(244,	111,	4,	9,	410.00,	0),
(245,	112,	2,	4,	130.00,	0),
(246,	112,	3,	3,	135.00,	0),
(247,	113,	4,	1,	410.00,	0),
(248,	114,	2,	1,	130.00,	0),
(249,	114,	3,	1,	135.00,	0),
(250,	115,	3,	1,	135.00,	0),
(251,	115,	4,	1,	410.00,	0),
(252,	116,	4,	80,	410.00,	0),
(253,	117,	4,	2,	410.00,	0),
(254,	118,	4,	51,	410.00,	0),
(255,	119,	4,	1,	410.00,	0),
(256,	124,	4,	8,	410.00,	0),
(257,	127,	4,	1,	410.00,	0),
(258,	129,	4,	1,	410.00,	0),
(259,	130,	4,	2,	410.00,	0),
(260,	131,	4,	2,	410.00,	0),
(261,	133,	4,	1,	410.00,	0),
(262,	134,	4,	1,	410.00,	0),
(263,	135,	4,	1,	410.00,	0),
(264,	136,	4,	1,	410.00,	0),
(265,	137,	4,	1,	410.00,	0),
(266,	138,	3,	1,	135.00,	0),
(267,	139,	3,	1,	135.00,	0),
(268,	139,	4,	1,	410.00,	0),
(269,	140,	4,	1,	410.00,	0),
(270,	141,	4,	1,	410.00,	0),
(271,	142,	4,	1,	410.00,	0),
(272,	143,	4,	1,	410.00,	0),
(273,	144,	4,	1,	410.00,	0),
(274,	145,	4,	1,	410.00,	0),
(275,	146,	4,	1,	410.00,	0),
(276,	147,	4,	1,	410.00,	0),
(277,	148,	4,	1,	410.00,	0),
(278,	149,	4,	1,	410.00,	0),
(279,	150,	4,	1,	410.00,	0),
(280,	151,	4,	1,	410.00,	0),
(281,	152,	4,	1,	410.00,	0),
(282,	153,	3,	1,	135.00,	0),
(283,	154,	3,	1,	135.00,	0),
(284,	154,	2,	1,	130.00,	0),
(285,	155,	4,	1,	410.00,	0),
(286,	156,	4,	1,	410.00,	0),
(287,	157,	4,	1,	410.00,	0),
(288,	158,	4,	1,	410.00,	0),
(289,	159,	4,	1,	410.00,	0),
(290,	160,	4,	1,	410.00,	0),
(291,	161,	4,	1,	410.00,	0),
(292,	162,	4,	1,	410.00,	0),
(293,	163,	4,	1,	410.00,	0),
(294,	164,	4,	1,	410.00,	0),
(295,	165,	4,	1,	410.00,	0),
(296,	166,	4,	1,	410.00,	0),
(297,	167,	4,	1,	410.00,	0),
(298,	168,	4,	1,	410.00,	0),
(299,	169,	4,	1,	410.00,	0),
(300,	170,	4,	1,	410.00,	0),
(301,	171,	4,	1,	410.00,	0),
(302,	172,	4,	1,	410.00,	0),
(303,	173,	4,	1,	410.00,	0),
(304,	174,	4,	1,	410.00,	0),
(305,	175,	1,	1,	220.00,	0),
(306,	175,	2,	3,	130.00,	0),
(307,	176,	4,	1,	410.00,	0),
(308,	177,	4,	1,	410.00,	0),
(309,	178,	4,	1,	410.00,	0),
(310,	179,	4,	1,	410.00,	0),
(311,	179,	3,	1,	135.00,	0),
(312,	180,	4,	1,	410.00,	0),
(313,	180,	3,	12,	135.00,	0),
(314,	181,	4,	2,	410.00,	0),
(315,	182,	4,	1,	410.00,	0),
(316,	182,	3,	1,	135.00,	0),
(317,	182,	2,	1,	130.00,	0),
(318,	183,	4,	1,	410.00,	0),
(319,	183,	3,	1,	135.00,	0),
(320,	184,	8,	1,	310.00,	0),
(321,	184,	7,	1,	245.00,	0),
(322,	184,	4,	1,	410.00,	0),
(323,	184,	1,	1,	220.00,	0),
(324,	184,	2,	1,	130.00,	0),
(325,	184,	5,	1,	220.00,	0),
(326,	184,	6,	1,	190.00,	0),
(327,	184,	3,	1,	135.00,	0),
(328,	185,	1,	1,	220.00,	0),
(329,	185,	2,	1,	130.00,	0),
(330,	185,	3,	1,	135.00,	0),
(331,	186,	4,	1,	410.00,	0),
(332,	187,	4,	1,	410.00,	1),
(333,	188,	4,	1,	410.00,	1),
(334,	189,	4,	1,	410.00,	0),
(335,	189,	8,	2,	310.00,	0),
(336,	189,	7,	1,	245.00,	0),
(337,	190,	4,	1,	410.00,	0),
(338,	190,	3,	1,	135.00,	0),
(339,	191,	4,	1,	410.00,	0),
(340,	191,	8,	1,	310.00,	0),
(341,	192,	2,	1,	130.00,	0),
(342,	193,	4,	1,	410.00,	0),
(343,	194,	4,	1,	410.00,	0),
(344,	195,	2,	1,	130.00,	0),
(345,	196,	3,	1,	135.00,	0),
(346,	197,	4,	1,	410.00,	0),
(347,	198,	7,	1,	245.00,	0),
(348,	199,	3,	1,	135.00,	0),
(349,	200,	8,	1,	310.00,	0),
(350,	201,	3,	1,	135.00,	0),
(351,	201,	2,	1,	130.00,	0),
(352,	201,	4,	1,	410.00,	0),
(353,	202,	1,	3,	220.00,	0),
(354,	202,	2,	3,	130.00,	0),
(355,	202,	3,	3,	135.00,	0),
(356,	202,	4,	3,	410.00,	0),
(357,	202,	7,	5,	245.00,	0),
(358,	202,	8,	5,	310.00,	0),
(359,	202,	6,	5,	190.00,	0),
(360,	202,	5,	5,	220.00,	0),
(361,	203,	1,	1,	220.00,	0),
(362,	203,	5,	1,	220.00,	0),
(363,	203,	6,	1,	190.00,	0),
(364,	203,	7,	1,	245.00,	0),
(365,	203,	8,	1,	310.00,	0),
(366,	203,	4,	1,	410.00,	0),
(367,	203,	3,	1,	135.00,	0),
(368,	203,	2,	1,	130.00,	0),
(369,	204,	4,	2,	410.00,	0),
(370,	205,	4,	2,	410.00,	0),
(371,	205,	1,	2,	220.00,	0),
(372,	205,	5,	2,	220.00,	0),
(373,	205,	6,	2,	190.00,	0),
(374,	205,	7,	2,	245.00,	0),
(375,	205,	8,	2,	310.00,	0),
(376,	205,	3,	2,	135.00,	0),
(377,	205,	2,	2,	130.00,	0),
(378,	206,	4,	1,	410.00,	0),
(379,	206,	2,	1,	130.00,	0),
(380,	207,	4,	1,	410.00,	0),
(381,	207,	2,	1,	130.00,	0),
(382,	208,	4,	3,	410.00,	0),
(383,	208,	2,	3,	130.00,	0),
(384,	209,	4,	1,	410.00,	0),
(385,	209,	1,	1,	220.00,	0),
(386,	209,	2,	1,	130.00,	0),
(387,	209,	3,	1,	135.00,	0),
(388,	210,	4,	1,	410.00,	0),
(389,	211,	2,	1,	130.00,	0),
(390,	212,	3,	1,	135.00,	0),
(391,	213,	4,	1,	410.00,	0);

DROP TABLE IF EXISTS `orders`;
CREATE TABLE `orders` (
  `id` int NOT NULL AUTO_INCREMENT,
  `user_id` int DEFAULT NULL,
  `total` decimal(10,2) DEFAULT NULL,
  `coupon_code` varchar(50) CHARACTER SET utf8mb4 COLLATE utf8mb4_0900_ai_ci DEFAULT NULL,
  `dis_amount` decimal(10,2) DEFAULT '0.00',
  `created_at` timestamp NULL DEFAULT CURRENT_TIMESTAMP,
  `wallet_used` decimal(10,2) DEFAULT '0.00',
  `paid_amount` decimal(10,2) NOT NULL DEFAULT '0.00',
  `payment_method` varchar(50) DEFAULT NULL,
  `status` varchar(20) DEFAULT 'pending',
  `return_status` enum('none','requested','approved','cancelled') NOT NULL DEFAULT 'none',
  `delivered_at` datetime DEFAULT NULL,
  `cancelled_at` datetime DEFAULT NULL,
  PRIMARY KEY (`id`)
) ENGINE=InnoDB DEFAULT CHARSET=utf8mb4 COLLATE=utf8mb4_0900_ai_ci;

INSERT INTO `orders` (`id`, `user_id`, `total`, `coupon_code`, `dis_amount`, `created_at`, `wallet_used`, `paid_amount`, `payment_method`, `status`, `return_status`, `delivered_at`, `cancelled_at`) VALUES
(191,	1,	720.00,	'1450',	50.00,	'2025-07-31 04:53:28',	67.00,	603.00,	'COD',	'pending',	'approved',	NULL,	NULL),
(192,	1,	130.00,	NULL,	0.00,	'2025-08-06 06:16:51',	0.00,	130.00,	'COD',	'Delivered',	'none',	'2025-08-19 18:23:07',	NULL),
(193,	1,	410.00,	'1450',	50.00,	'2025-08-06 13:19:47',	36.00,	324.00,	'COD',	'Delivered',	'none',	'2025-08-19 18:23:41',	NULL),
(194,	1,	410.00,	'1450',	50.00,	'2025-08-18 07:12:19',	64.80,	295.20,	'COD',	'Delivered',	'none',	'2025-08-22 15:27:15',	NULL),
(196,	1,	135.00,	NULL,	0.00,	'2025-08-18 07:26:08',	24.30,	110.70,	'COD',	'pending',	'none',	NULL,	NULL),
(197,	1,	410.00,	NULL,	0.00,	'2025-08-18 07:26:49',	73.80,	336.20,	'COD',	'pending',	'none',	NULL,	NULL),
(198,	1,	245.00,	NULL,	0.00,	'2025-08-18 08:49:10',	44.10,	200.90,	'COD',	'Cancelled',	'none',	NULL,	NULL),
(199,	1,	135.00,	NULL,	0.00,	'2025-08-18 08:53:55',	24.30,	110.70,	'Online',	'pending',	'none',	NULL,	NULL),
(200,	1,	310.00,	NULL,	0.00,	'2025-08-18 09:00:13',	0.00,	310.00,	'Online',	'Delivered',	'none',	NULL,	NULL),
(201,	1,	675.00,	'1450',	50.00,	'2025-08-18 11:55:40',	62.50,	562.50,	'COD',	'Cancelled',	'none',	NULL,	NULL),
(202,	1,	7510.00,	'1450',	50.00,	'2025-08-18 12:01:25',	682.80,	6777.20,	'Online',	'delivered',	'cancelled',	'2025-08-19 18:20:32',	NULL),
(203,	8,	1860.00,	'1450',	50.00,	'2025-08-19 12:20:59',	61.05,	1748.95,	'COD',	'Cancelled',	'approved',	NULL,	NULL),
(204,	1,	820.00,	'1112',	82.00,	'2025-08-20 05:05:57',	73.80,	664.20,	'COD',	'Delivered',	'none',	'2025-08-20 10:45:12',	NULL),
(205,	8,	3720.00,	'1450',	50.00,	'2025-08-20 06:24:13',	0.00,	3670.00,	'COD',	'Delivered',	'none',	'2025-08-20 11:54:34',	NULL),
(206,	8,	540.00,	NULL,	0.00,	'2025-08-20 06:27:22',	0.00,	540.00,	'COD',	'Delivered',	'none',	'2025-08-20 12:04:18',	NULL),
(207,	8,	540.00,	NULL,	0.00,	'2025-08-20 06:38:21',	0.00,	540.00,	'COD',	'Delivered',	'cancelled',	'2025-08-20 12:08:39',	NULL),
(208,	8,	1620.00,	NULL,	0.00,	'2025-08-20 06:53:50',	0.00,	1620.00,	'COD',	'Delivered',	'approved',	'2025-08-20 12:24:00',	NULL),
(209,	1,	895.00,	'1450',	50.00,	'2025-08-21 08:56:24',	84.50,	760.50,	'COD',	'Delivered',	'approved',	'2025-08-21 14:26:50',	NULL),
(210,	1,	410.00,	'1450',	50.00,	'2025-08-21 09:08:48',	36.00,	324.00,	'COD',	'Delivered',	'approved',	'2025-08-21 14:39:01',	NULL),
(211,	1,	130.00,	NULL,	0.00,	'2025-08-21 09:17:17',	13.00,	117.00,	'COD',	'Delivered',	'none',	'2025-08-21 14:47:25',	NULL),
(212,	1,	135.00,	NULL,	0.00,	'2025-08-21 09:21:01',	13.50,	121.50,	'COD',	'Delivered',	'cancelled',	'2025-08-21 14:51:13',	NULL),
(213,	1,	410.00,	NULL,	0.00,	'2025-08-21 09:33:25',	41.00,	369.00,	'COD',	'Delivered',	'approved',	'2025-08-21 15:08:22',	NULL);

DROP TABLE IF EXISTS `products`;
CREATE TABLE `products` (
  `id` int NOT NULL AUTO_INCREMENT,
  `name` varchar(255) NOT NULL,
  `description` text,
  `price` decimal(10,2) DEFAULT NULL,
  `image` varchar(255) DEFAULT NULL,
  `created_at` timestamp NULL DEFAULT CURRENT_TIMESTAMP,
  PRIMARY KEY (`id`)
) ENGINE=InnoDB DEFAULT CHARSET=utf8mb4 COLLATE=utf8mb4_0900_ai_ci;

INSERT INTO `products` (`id`, `name`, `description`, `price`, `image`, `created_at`) VALUES
(1,	'Horlicks caramel ',	'Horlicks women\'s powder c\r\nbox of 400 gm Powder',	220.00,	'Horlicks_womens_powder_caramel.jpg',	'2025-05-30 05:24:25'),
(2,	'Bonheal capsule ',	'Bonheal capsule\r\nstrip of 10 capsules',	130.00,	'Bonheal_capsule.jpg',	'2025-05-30 06:13:34'),
(3,	'Jain amlaki capsule ',	'Jain amlaki capsule\r\nbottle of 60 capsules',	135.00,	'Jain_amlaki_capsule.jpg',	'2025-05-30 06:15:40'),
(4,	' Horlicks growth plus powder',	'Horlicks growth plus powd\r\nbox of 400 gm Powder',	410.00,	'Horlicks_growth_plus_powder_chocolate.jpg',	'2025-05-30 06:16:49'),
(5,	' Horlicks badam ',	'Horlicks lite refill pack\r\npacket of 450 gm Powder',	220.00,	'Horlicks_lite_refill_pack_badam.jpg',	'2025-05-30 06:57:10'),
(6,	'Jain janolive ',	'Jain janolive syrup pack of 2 ',	190.00,	'Jain_janolive_syrup_pack_of_2.jpg',	'2025-05-30 11:24:16'),
(7,	'Horlicks powder',	'\r\nHorlicks powder refill pack classic malt ',	245.00,	'Horlicks_powder_refill_pack_classic_malt.jpg',	'2025-05-30 12:46:26'),
(8,	'Dabur ',	'Dabur chyawanprash awaleha chocolate \r\n',	310.00,	'Dabur_chyawanprash_awaleha_chocolate.jpg',	'2025-05-30 12:50:22');

DROP TABLE IF EXISTS `settings`;
CREATE TABLE `settings` (
  `id` int NOT NULL AUTO_INCREMENT,
  `name` varchar(100) NOT NULL,
  `value` varchar(255) NOT NULL,
  PRIMARY KEY (`id`)
) ENGINE=InnoDB DEFAULT CHARSET=utf8mb4 COLLATE=utf8mb4_0900_ai_ci;

INSERT INTO `settings` (`id`, `name`, `value`) VALUES
(1,	'Wallet Percentage',	'10');

DROP TABLE IF EXISTS `user`;
CREATE TABLE `user` (
  `id` int NOT NULL AUTO_INCREMENT,
  `fullname` varchar(255) NOT NULL,
  `email` text NOT NULL,
  `mobile` text NOT NULL,
  `password` text NOT NULL,
  `image` text CHARACTER SET utf8mb4 COLLATE utf8mb4_0900_ai_ci NOT NULL,
  `wallet_balance` decimal(10,2) DEFAULT '0.00',
  PRIMARY KEY (`id`)
) ENGINE=InnoDB DEFAULT CHARSET=utf8mb4 COLLATE=utf8mb4_0900_ai_ci;

INSERT INTO `user` (`id`, `fullname`, `email`, `mobile`, `password`, `image`, `wallet_balance`) VALUES
(1,	'Sajidhusain',	'sajid@gmail.com',	'8128406429',	'12345678',	'14c_Ankle_pd_tse_fs_tra_p4_DRB.jpg',	1000.00),
(2,	'Akbar',	'akbar@gmail.com',	'9898797925',	'11111111',	'favicondemo_(1).png',	10.00),
(3,	'Kamiyabali',	'kami@gmail.com',	'9567438975',	'33333333',	'logo.png',	10.00),
(5,	'abid',	'abid5@gmail.com',	'9067895049',	'66666666',	'favicon2.jpeg',	10.00),
(6,	'Mohammadraza',	'mr@gmail.com',	'8905678940',	'77777777',	'Screenshot_from_2025-08-11_12-10-27.png',	0.00),
(7,	'Ismail',	'is5@gmail.com',	'9604538790',	'00000000',	'logo1.png',	100.00),
(8,	'Jafarali',	'ja5@gmal.com',	'7890456780',	'87878787',	'android-chrome-192x192.png',	0.00),
(11,	'Safdar',	'sf@gmail.com',	'9870965780',	'88888888',	'logo1.jpg',	100.00),
(13,	'sss',	'ss@gmail.com',	'8956489560',	'22222222',	'47454.png',	10.00),
(14,	'Sajid',	'sss@gmail.com',	'06328500910',	'22222222',	'Screenshot_from_2025-08-19_15-23-57.png',	0.00);

DROP TABLE IF EXISTS `wallet_transactions`;
CREATE TABLE `wallet_transactions` (
  `id` int NOT NULL AUTO_INCREMENT,
  `user_id` int NOT NULL,
  `amount` decimal(10,2) NOT NULL,
  `description` varchar(255) DEFAULT NULL,
  `created_at` datetime DEFAULT NULL,
  PRIMARY KEY (`id`),
  KEY `user_id` (`user_id`),
  CONSTRAINT `wallet_transactions_ibfk_1` FOREIGN KEY (`user_id`) REFERENCES `user` (`id`) ON DELETE CASCADE
) ENGINE=InnoDB DEFAULT CHARSET=utf8mb4 COLLATE=utf8mb4_0900_ai_ci;

INSERT INTO `wallet_transactions` (`id`, `user_id`, `amount`, `description`, `created_at`) VALUES
(9,	1,	-410.00,	'Order No.135',	'2025-07-14 11:39:13'),
(12,	1,	-13.50,	'Order No.138',	'2025-07-14 12:51:43'),
(30,	1,	-39.00,	'Order No.162',	'2025-07-15 15:12:04'),
(37,	1,	-38.95,	'Order No.164',	'2025-07-16 10:41:30'),
(38,	8,	-38.95,	'Order No.165',	'2025-07-16 10:43:25'),
(39,	1,	-32.80,	'Order No.173',	'2025-07-16 10:49:24'),
(40,	1,	-72.00,	'Order No.178',	'2025-07-18 11:22:18'),
(41,	1,	-49.50,	'Order No.183',	'2025-07-24 10:42:09'),
(42,	1,	-186.00,	'Order No.184',	'2025-07-24 11:56:32'),
(43,	1,	-36.00,	'Order No.186',	'2025-07-25 16:11:09'),
(44,	1,	-36.00,	'Order No.187',	'2025-07-25 16:28:12'),
(45,	1,	-36.00,	'Order No.188',	'2025-07-25 16:58:07'),
(46,	1,	-122.50,	'Order No.189',	'2025-07-28 15:15:19'),
(47,	1,	-49.50,	'Order No.190',	'2025-07-29 16:52:16'),
(48,	1,	659.25,	'Credit by Admin',	'2025-07-30 18:32:10'),
(49,	1,	-67.00,	'Order No.191',	'2025-07-31 10:23:28'),
(50,	1,	-36.00,	'Order No.193',	'2025-08-06 18:49:47'),
(51,	1,	103.00,	'Credit by Admin',	'2025-08-11 16:09:52'),
(52,	3,	10.00,	'Credit by Admin',	'2025-08-11 16:10:13'),
(53,	1,	-64.80,	'Order No.194',	'2025-08-18 12:42:19'),
(54,	1,	-23.40,	'Order No.195',	'2025-08-18 12:43:58'),
(55,	1,	-24.30,	'Order No.196',	'2025-08-18 12:56:08'),
(56,	1,	-73.80,	'Order No.197',	'2025-08-18 12:56:49'),
(57,	1,	-44.10,	'Order No.198',	'2025-08-18 14:19:10'),
(58,	1,	-24.30,	'Order No.199',	'2025-08-18 14:23:55'),
(59,	1,	-62.50,	'Order No.201',	'2025-08-18 17:25:40'),
(60,	1,	-682.80,	'Order No.202',	'2025-08-18 17:31:25'),
(61,	1,	1000.00,	'test',	'2025-08-18 17:32:19'),
(62,	8,	-61.05,	'Order No.203',	'2025-08-19 17:50:59'),
(63,	1,	-73.80,	'Order No.204',	'2025-08-20 10:35:57'),
(64,	1,	-84.50,	'Order No.209',	'2025-08-21 14:26:24'),
(65,	1,	-2500.00,	'Debit by Admin',	'2025-08-21 14:36:26'),
(66,	1,	-26.70,	'test',	'2025-08-21 14:36:39'),
(67,	1,	-36.00,	'Order No.210',	'2025-08-21 14:38:48'),
(68,	1,	-84.50,	'Debit by Admin',	'2025-08-21 14:40:05'),
(69,	1,	-13.00,	'Order No.211',	'2025-08-21 14:47:17'),
(70,	1,	-13.50,	'Order No.212',	'2025-08-21 14:51:01'),
(71,	1,	-41.00,	'Order No.213',	'2025-08-21 15:03:25');

-- 2025-08-22 10:35:19 UTC
